,dataset_id,row_id,modified_side,tuple,winner,reasoning,modified_win
0,w7w3-xahh,0,A,"('A', 'DESCRIPTION A IS BETTER BECAUSE IT PROVIDES A MORE COMPREHENSIVE OVERVIEW OF THE DATASET, INCLUDING DETAILED INFORMATION ON THE DATA FIELDS, THEIR CONSTRAINTS, AND THE POTENTIAL APPLICATIONS OF THE DATASET.')",A,"DESCRIPTION A IS BETTER BECAUSE IT PROVIDES A MORE COMPREHENSIVE OVERVIEW OF THE DATASET, INCLUDING DETAILED INFORMATION ON THE DATA FIELDS, THEIR CONSTRAINTS, AND THE POTENTIAL APPLICATIONS OF THE DATASET.",1
1,ci93-uc8s,1,A,"('A', 'DESCRIPTION A IS BETTER BECAUSE IT PROVIDES A MORE DETAILED AND COMPREHENSIVE OVERVIEW OF THE DATASET, INCLUDING SPECIFIC COLUMN CONSTRAINTS AND A THOROUGH EXPLANATION OF ITS POTENTIAL APPLICATIONS.')",A,"DESCRIPTION A IS BETTER BECAUSE IT PROVIDES A MORE DETAILED AND COMPREHENSIVE OVERVIEW OF THE DATASET, INCLUDING SPECIFIC COLUMN CONSTRAINTS AND A THOROUGH EXPLANATION OF ITS POTENTIAL APPLICATIONS.",1
2,ptev-4hud,2,B,"('B', ""DESCRIPTION B IS BETTER BECAUSE IT PROVIDES A MORE COMPREHENSIVE OVERVIEW OF THE DATASET, INCLUDING SPECIFIC DETAILS ABOUT THE LICENSING PROCESS, APPLICATION STATUSES, AND A CLEAR EXPLANATION OF THE DATASET'S POTENTIAL USES, WHILE MAINTAINING GOOD READABILITY AND CONCISENESS."")",B,"DESCRIPTION B IS BETTER BECAUSE IT PROVIDES A MORE COMPREHENSIVE OVERVIEW OF THE DATASET, INCLUDING SPECIFIC DETAILS ABOUT THE LICENSING PROCESS, APPLICATION STATUSES, AND A CLEAR EXPLANATION OF THE DATASET'S POTENTIAL USES, WHILE MAINTAINING GOOD READABILITY AND CONCISENESS.",1
3,9a87-6m4x,3,A,"('A', 'DESCRIPTION A PROVIDES A MORE COMPREHENSIVE OVERVIEW OF THE DATASET, INCLUDING SPECIFIC DETAILS ABOUT THE NUMBER OF UNIQUE DATES AND SITE ADDRESSES, WHILE ALSO EMPHASIZING ITS RELEVANCE TO STAKEHOLDERS AND INITIATIVES, MAKING IT MORE INFORMATIVE OVERALL.')",A,"DESCRIPTION A PROVIDES A MORE COMPREHENSIVE OVERVIEW OF THE DATASET, INCLUDING SPECIFIC DETAILS ABOUT THE NUMBER OF UNIQUE DATES AND SITE ADDRESSES, WHILE ALSO EMPHASIZING ITS RELEVANCE TO STAKEHOLDERS AND INITIATIVES, MAKING IT MORE INFORMATIVE OVERALL.",1
4,kf2b-aeh5,4,A,"('A', 'DESCRIPTION A IS BETTER BECAUSE IT PROVIDES A MORE DETAILED OVERVIEW OF THE DATASET, INCLUDING SPECIFIC STATISTICS AND A CLEAR EXPLANATION OF ITS POTENTIAL USES, WHILE MAINTAINING GOOD READABILITY.')",A,"DESCRIPTION A IS BETTER BECAUSE IT PROVIDES A MORE DETAILED OVERVIEW OF THE DATASET, INCLUDING SPECIFIC STATISTICS AND A CLEAR EXPLANATION OF ITS POTENTIAL USES, WHILE MAINTAINING GOOD READABILITY.",1
5,5fn4-dr26,5,B,"('B', 'DESCRIPTION B IS BETTER BECAUSE IT PROVIDES A MORE COMPREHENSIVE OVERVIEW OF THE DATASET, INCLUDING SPECIFIC DETAILS ABOUT THE ENFORCEMENT CHARGES, LINKING CAPABILITIES TO OTHER DATASETS, AND A CLEAR STRUCTURE FOR THE COLUMN CONSTRAINTS, ENHANCING BOTH COMPLETENESS AND READABILITY.')",B,"DESCRIPTION B IS BETTER BECAUSE IT PROVIDES A MORE COMPREHENSIVE OVERVIEW OF THE DATASET, INCLUDING SPECIFIC DETAILS ABOUT THE ENFORCEMENT CHARGES, LINKING CAPABILITIES TO OTHER DATASETS, AND A CLEAR STRUCTURE FOR THE COLUMN CONSTRAINTS, ENHANCING BOTH COMPLETENESS AND READABILITY.",1
6,qcdj-rwhu,6,B,"('A', 'DESCRIPTION A PROVIDES A MORE COMPREHENSIVE OVERVIEW OF THE DATASET, INCLUDING SPECIFIC DETAILS ABOUT THE TEMPORAL COVERAGE AND POTENTIAL APPLICATIONS, WHILE MAINTAINING CLARITY AND READABILITY.')",A,"DESCRIPTION A PROVIDES A MORE COMPREHENSIVE OVERVIEW OF THE DATASET, INCLUDING SPECIFIC DETAILS ABOUT THE TEMPORAL COVERAGE AND POTENTIAL APPLICATIONS, WHILE MAINTAINING CLARITY AND READABILITY.",0
7,jzhd-m6uv,7,A,"('A', 'DESCRIPTION A IS BETTER BECAUSE IT PROVIDES A MORE COMPREHENSIVE OVERVIEW OF THE DATASET, INCLUDING DETAILED COLUMN CONSTRAINTS AND POTENTIAL APPLICATIONS, WHILE MAINTAINING CLARITY AND READABILITY.')",A,"DESCRIPTION A IS BETTER BECAUSE IT PROVIDES A MORE COMPREHENSIVE OVERVIEW OF THE DATASET, INCLUDING DETAILED COLUMN CONSTRAINTS AND POTENTIAL APPLICATIONS, WHILE MAINTAINING CLARITY AND READABILITY.",1
8,nre2-6m2s,8,B,"('B', 'DESCRIPTION B IS BETTER BECAUSE IT PROVIDES A MORE COMPREHENSIVE OVERVIEW OF THE DATASET, INCLUDING SPECIFIC DETAILS ABOUT THE DATA STRUCTURE AND POTENTIAL APPLICATIONS, WHILE MAINTAINING CLARITY AND CONCISENESS.')",B,"DESCRIPTION B IS BETTER BECAUSE IT PROVIDES A MORE COMPREHENSIVE OVERVIEW OF THE DATASET, INCLUDING SPECIFIC DETAILS ABOUT THE DATA STRUCTURE AND POTENTIAL APPLICATIONS, WHILE MAINTAINING CLARITY AND CONCISENESS.",1
9,6y5g-5hkj,9,A,"('A', 'DESCRIPTION A IS BETTER BECAUSE IT PROVIDES A MORE COMPREHENSIVE OVERVIEW OF THE DATASET, INCLUDING A LARGER NUMBER OF ENTRIES, DETAILED COLUMN CONSTRAINTS, AND A BROADER CONTEXT FOR POTENTIAL ANALYSES.')",A,"DESCRIPTION A IS BETTER BECAUSE IT PROVIDES A MORE COMPREHENSIVE OVERVIEW OF THE DATASET, INCLUDING A LARGER NUMBER OF ENTRIES, DETAILED COLUMN CONSTRAINTS, AND A BROADER CONTEXT FOR POTENTIAL ANALYSES.",1
10,p2wf-m8zt,10,B,"('B', 'DESCRIPTION B IS BETTER BECAUSE IT PROVIDES A MORE COMPREHENSIVE OVERVIEW OF THE DATASET, INCLUDING SPECIFIC DETAILS ABOUT THE DATA STRUCTURE AND CONSTRAINTS, WHILE MAINTAINING CLARITY AND CONCISENESS.')",B,"DESCRIPTION B IS BETTER BECAUSE IT PROVIDES A MORE COMPREHENSIVE OVERVIEW OF THE DATASET, INCLUDING SPECIFIC DETAILS ABOUT THE DATA STRUCTURE AND CONSTRAINTS, WHILE MAINTAINING CLARITY AND CONCISENESS.",1
11,9cw8-7heb,11,A,"('A', 'DESCRIPTION A IS BETTER BECAUSE IT PROVIDES A MORE COMPREHENSIVE OVERVIEW OF THE DATASET, INCLUDING SPECIFIC STATISTICS, A BROADER TEMPORAL COVERAGE, AND A CLEARER EXPLANATION OF POTENTIAL APPLICATIONS.')",A,"DESCRIPTION A IS BETTER BECAUSE IT PROVIDES A MORE COMPREHENSIVE OVERVIEW OF THE DATASET, INCLUDING SPECIFIC STATISTICS, A BROADER TEMPORAL COVERAGE, AND A CLEARER EXPLANATION OF POTENTIAL APPLICATIONS.",1
12,9d9t-bmk7,12,B,"('B', 'DESCRIPTION B IS BETTER BECAUSE IT PROVIDES A MORE COMPREHENSIVE OVERVIEW OF THE DATASET, INCLUDING OPERATIONAL HOURS AND SPECIFIC BOROUGHS, WHILE MAINTAINING CLARITY AND CONCISENESS.')",B,"DESCRIPTION B IS BETTER BECAUSE IT PROVIDES A MORE COMPREHENSIVE OVERVIEW OF THE DATASET, INCLUDING OPERATIONAL HOURS AND SPECIFIC BOROUGHS, WHILE MAINTAINING CLARITY AND CONCISENESS.",1
13,r3dx-pew9,13,A,"('A', ""DESCRIPTION A IS BETTER BECAUSE IT PROVIDES MORE DETAILED INFORMATION ABOUT THE DATASET'S STRUCTURE, INCLUDING SPECIFIC INDICATORS AND GOALS, WHICH ENHANCES COMPLETENESS AND CLARITY."")",A,"DESCRIPTION A IS BETTER BECAUSE IT PROVIDES MORE DETAILED INFORMATION ABOUT THE DATASET'S STRUCTURE, INCLUDING SPECIFIC INDICATORS AND GOALS, WHICH ENHANCES COMPLETENESS AND CLARITY.",1
14,dt2z-amuf,14,A,"('A', ""DESCRIPTION A IS BETTER BECAUSE IT PROVIDES MORE DETAILED INFORMATION ABOUT THE DATASET'S ATTRIBUTES, INCLUDING SPECIFIC DATA POINTS AND THEIR RELEVANCE, WHILE MAINTAINING CLARITY AND READABILITY."")",A,"DESCRIPTION A IS BETTER BECAUSE IT PROVIDES MORE DETAILED INFORMATION ABOUT THE DATASET'S ATTRIBUTES, INCLUDING SPECIFIC DATA POINTS AND THEIR RELEVANCE, WHILE MAINTAINING CLARITY AND READABILITY.",1
15,9b9u-8989,15,B,"('B', 'DESCRIPTION B IS BETTER BECAUSE IT PROVIDES MORE DETAILED INFORMATION ABOUT THE DATASET, INCLUDING SPECIFIC COUNTS OF UNIQUE BUSINESS NAMES AND ADDRESSES, A BROADER RANGE OF BUSINESS SECTORS, AND A COMPREHENSIVE DATA DICTIONARY, ENHANCING COMPLETENESS AND CLARITY.')",B,"DESCRIPTION B IS BETTER BECAUSE IT PROVIDES MORE DETAILED INFORMATION ABOUT THE DATASET, INCLUDING SPECIFIC COUNTS OF UNIQUE BUSINESS NAMES AND ADDRESSES, A BROADER RANGE OF BUSINESS SECTORS, AND A COMPREHENSIVE DATA DICTIONARY, ENHANCING COMPLETENESS AND CLARITY.",1
16,ay9k-vznm,16,A,"('A', 'DESCRIPTION A IS BETTER BECAUSE IT PROVIDES A MORE DETAILED OVERVIEW OF THE DATASET, INCLUDING SPECIFIC COLUMN CONSTRAINTS AND A BROADER CONTEXT FOR ITS APPLICATIONS, ENHANCING COMPLETENESS AND CLARITY.')",A,"DESCRIPTION A IS BETTER BECAUSE IT PROVIDES A MORE DETAILED OVERVIEW OF THE DATASET, INCLUDING SPECIFIC COLUMN CONSTRAINTS AND A BROADER CONTEXT FOR ITS APPLICATIONS, ENHANCING COMPLETENESS AND CLARITY.",1
17,upii-frjc,17,A,"('A', 'DESCRIPTION A IS BETTER BECAUSE IT PROVIDES A MORE COMPREHENSIVE OVERVIEW OF THE DATASET, INCLUDING SPECIFIC ATTRIBUTES AND CONSTRAINTS, WHILE MAINTAINING CLARITY AND READABILITY.')",A,"DESCRIPTION A IS BETTER BECAUSE IT PROVIDES A MORE COMPREHENSIVE OVERVIEW OF THE DATASET, INCLUDING SPECIFIC ATTRIBUTES AND CONSTRAINTS, WHILE MAINTAINING CLARITY AND READABILITY.",1
18,355w-xvp2,18,A,"('A', 'DESCRIPTION A IS BETTER BECAUSE IT PROVIDES A MORE COMPREHENSIVE OVERVIEW OF THE DATASET, INCLUDING SPECIFIC DETAILS ABOUT THE NUMBER OF UNIQUE VALUES AND ITS APPLICATIONS IN URBAN PLANNING AND SUSTAINABILITY, WHILE MAINTAINING GOOD READABILITY.')",A,"DESCRIPTION A IS BETTER BECAUSE IT PROVIDES A MORE COMPREHENSIVE OVERVIEW OF THE DATASET, INCLUDING SPECIFIC DETAILS ABOUT THE NUMBER OF UNIQUE VALUES AND ITS APPLICATIONS IN URBAN PLANNING AND SUSTAINABILITY, WHILE MAINTAINING GOOD READABILITY.",1
19,2k3g-r445,19,B,"('B', ""DESCRIPTION B IS BETTER BECAUSE IT PROVIDES MORE SPECIFIC DETAILS ABOUT THE DATASET'S STRUCTURE, INCLUDING UNIQUE IDENTIFIERS AND COLUMN CONSTRAINTS, WHILE MAINTAINING CLARITY AND RELEVANCE THROUGHOUT."")",B,"DESCRIPTION B IS BETTER BECAUSE IT PROVIDES MORE SPECIFIC DETAILS ABOUT THE DATASET'S STRUCTURE, INCLUDING UNIQUE IDENTIFIERS AND COLUMN CONSTRAINTS, WHILE MAINTAINING CLARITY AND RELEVANCE THROUGHOUT.",1
20,fgq8-am2v,20,A,"('A', 'DESCRIPTION A IS BETTER BECAUSE IT PROVIDES A MORE COMPREHENSIVE OVERVIEW OF THE DATASET, INCLUDING ADDITIONAL DETAILS ABOUT JOB PLACEMENT SERVICES AND INSTRUCTOR CREDENTIALS, WHICH ENHANCES ITS COMPLETENESS.')",A,"DESCRIPTION A IS BETTER BECAUSE IT PROVIDES A MORE COMPREHENSIVE OVERVIEW OF THE DATASET, INCLUDING ADDITIONAL DETAILS ABOUT JOB PLACEMENT SERVICES AND INSTRUCTOR CREDENTIALS, WHICH ENHANCES ITS COMPLETENESS.",1
21,5kqf-fg3n,21,B,"('B', ""DESCRIPTION B IS BETTER BECAUSE IT PROVIDES A MORE DETAILED OVERVIEW OF THE DATASET'S FEATURES, INCLUDING SPECIFIC ELIGIBILITY CRITERIA AND A CLEAR EXPLANATION OF ITS POTENTIAL APPLICATIONS, WHILE MAINTAINING GOOD READABILITY AND CONCISENESS."")",B,"DESCRIPTION B IS BETTER BECAUSE IT PROVIDES A MORE DETAILED OVERVIEW OF THE DATASET'S FEATURES, INCLUDING SPECIFIC ELIGIBILITY CRITERIA AND A CLEAR EXPLANATION OF ITS POTENTIAL APPLICATIONS, WHILE MAINTAINING GOOD READABILITY AND CONCISENESS.",1
22,n84m-kx4j,22,A,"('A', 'DESCRIPTION A IS BETTER BECAUSE IT PROVIDES A MORE COMPREHENSIVE OVERVIEW OF THE DATASET, INCLUDING DETAILED ATTRIBUTES AND POTENTIAL APPLICATIONS, WHILE MAINTAINING CLARITY AND STRUCTURE.')",A,"DESCRIPTION A IS BETTER BECAUSE IT PROVIDES A MORE COMPREHENSIVE OVERVIEW OF THE DATASET, INCLUDING DETAILED ATTRIBUTES AND POTENTIAL APPLICATIONS, WHILE MAINTAINING CLARITY AND STRUCTURE.",1
23,y52e-hp89,23,B,"('B', 'DESCRIPTION B IS BETTER BECAUSE IT PROVIDES A MORE DETAILED OVERVIEW OF THE DATASET, INCLUDING A HIGHER NUMBER OF NAICS CODES AND A BROADER RANGE OF INDUSTRIES, WHILE MAINTAINING CLARITY AND CONCISENESS.')",B,"DESCRIPTION B IS BETTER BECAUSE IT PROVIDES A MORE DETAILED OVERVIEW OF THE DATASET, INCLUDING A HIGHER NUMBER OF NAICS CODES AND A BROADER RANGE OF INDUSTRIES, WHILE MAINTAINING CLARITY AND CONCISENESS.",1
24,2xab-argn,24,B,"('B', ""DESCRIPTION B IS BETTER BECAUSE IT PROVIDES A MORE COMPREHENSIVE OVERVIEW OF THE DATASET, INCLUDING SPECIFIC DETAILS ABOUT THE DATASET'S STRUCTURE, SIZE, AND POTENTIAL APPLICATIONS, WHILE MAINTAINING CLARITY AND CONCISENESS."")",B,"DESCRIPTION B IS BETTER BECAUSE IT PROVIDES A MORE COMPREHENSIVE OVERVIEW OF THE DATASET, INCLUDING SPECIFIC DETAILS ABOUT THE DATASET'S STRUCTURE, SIZE, AND POTENTIAL APPLICATIONS, WHILE MAINTAINING CLARITY AND CONCISENESS.",1
25,5vi6-xdpy,25,A,"('A', 'DESCRIPTION A IS BETTER BECAUSE IT PROVIDES A MORE COMPREHENSIVE OVERVIEW OF THE DATASET, INCLUDING SPECIFIC DETAILS ABOUT THE DATA STRUCTURE, UNIQUE IDENTIFIERS, AND POTENTIAL APPLICATIONS, WHILE MAINTAINING CLARITY AND READABILITY.')",A,"DESCRIPTION A IS BETTER BECAUSE IT PROVIDES A MORE COMPREHENSIVE OVERVIEW OF THE DATASET, INCLUDING SPECIFIC DETAILS ABOUT THE DATA STRUCTURE, UNIQUE IDENTIFIERS, AND POTENTIAL APPLICATIONS, WHILE MAINTAINING CLARITY AND READABILITY.",1
26,x9i6-ckbm,26,A,"('A', 'DESCRIPTION A IS BETTER BECAUSE IT PROVIDES A MORE COMPREHENSIVE OVERVIEW OF THE DATASET, INCLUDING SPECIFIC METRICS, POTENTIAL APPLICATIONS, AND DETAILED COLUMN CONSTRAINTS, ENHANCING BOTH COMPLETENESS AND READABILITY.')",A,"DESCRIPTION A IS BETTER BECAUSE IT PROVIDES A MORE COMPREHENSIVE OVERVIEW OF THE DATASET, INCLUDING SPECIFIC METRICS, POTENTIAL APPLICATIONS, AND DETAILED COLUMN CONSTRAINTS, ENHANCING BOTH COMPLETENESS AND READABILITY.",1
27,rpeq-j89e,27,B,"('B', 'DESCRIPTION B IS BETTER BECAUSE IT PROVIDES A MORE COMPREHENSIVE OVERVIEW OF THE DATASET, INCLUDING A LARGER NUMBER OF ENTRIES, A WIDER RANGE OF INDUSTRIES, AND SPECIFIC DETAILS ABOUT THE EVENT TYPES AND STATUS, WHILE MAINTAINING CLARITY AND CONCISENESS.')",B,"DESCRIPTION B IS BETTER BECAUSE IT PROVIDES A MORE COMPREHENSIVE OVERVIEW OF THE DATASET, INCLUDING A LARGER NUMBER OF ENTRIES, A WIDER RANGE OF INDUSTRIES, AND SPECIFIC DETAILS ABOUT THE EVENT TYPES AND STATUS, WHILE MAINTAINING CLARITY AND CONCISENESS.",1
28,w49t-5gha,28,B,"('B', ""DESCRIPTION B IS BETTER BECAUSE IT PROVIDES A MORE COMPREHENSIVE OVERVIEW OF THE DATASET'S SIZE AND POTENTIAL APPLICATIONS WHILE MAINTAINING CLARITY AND CONCISENESS."")",B,DESCRIPTION B IS BETTER BECAUSE IT PROVIDES A MORE COMPREHENSIVE OVERVIEW OF THE DATASET'S SIZE AND POTENTIAL APPLICATIONS WHILE MAINTAINING CLARITY AND CONCISENESS.,1
29,v5w4-adxa,29,B,"('A', 'DESCRIPTION A PROVIDES A MORE COMPREHENSIVE OVERVIEW OF THE DATASET, DETAILING ITS APPLICATIONS AND IMPLICATIONS FOR RESEARCH AND POLICY, WHILE MAINTAINING CLARITY AND CONCISENESS.')",A,"DESCRIPTION A PROVIDES A MORE COMPREHENSIVE OVERVIEW OF THE DATASET, DETAILING ITS APPLICATIONS AND IMPLICATIONS FOR RESEARCH AND POLICY, WHILE MAINTAINING CLARITY AND CONCISENESS.",0
30,ymvu-4x4s,30,A,"('A', 'DESCRIPTION A IS BETTER BECAUSE IT PROVIDES A MORE COMPREHENSIVE OVERVIEW OF THE DATASET, INCLUDING SPECIFIC DETAILS ABOUT THE RANGE OF ZIP CODES, THE SIGNIFICANCE OF THE DATA FIELDS, AND A BROADER CONTEXT FOR POTENTIAL APPLICATIONS.')",A,"DESCRIPTION A IS BETTER BECAUSE IT PROVIDES A MORE COMPREHENSIVE OVERVIEW OF THE DATASET, INCLUDING SPECIFIC DETAILS ABOUT THE RANGE OF ZIP CODES, THE SIGNIFICANCE OF THE DATA FIELDS, AND A BROADER CONTEXT FOR POTENTIAL APPLICATIONS.",1
31,uxsz-6j5j,31,A,"('A', ""DESCRIPTION A IS MORE COMPREHENSIVE AND DETAILED, PROVIDING A CLEARER OVERVIEW OF THE DATASET'S ATTRIBUTES, POTENTIAL APPLICATIONS, AND THE SIGNIFICANCE OF THE INFORMATION IT CONTAINS."")",A,"DESCRIPTION A IS MORE COMPREHENSIVE AND DETAILED, PROVIDING A CLEARER OVERVIEW OF THE DATASET'S ATTRIBUTES, POTENTIAL APPLICATIONS, AND THE SIGNIFICANCE OF THE INFORMATION IT CONTAINS.",1
32,b9yk-4pzk,32,A,"('A', ""DESCRIPTION A IS MORE COMPREHENSIVE AND DETAILED, PROVIDING SPECIFIC INFORMATION ABOUT THE DATASET'S CONTENTS, STRUCTURE, AND POTENTIAL APPLICATIONS, WHICH ENHANCES ITS OVERALL QUALITY."")",A,"DESCRIPTION A IS MORE COMPREHENSIVE AND DETAILED, PROVIDING SPECIFIC INFORMATION ABOUT THE DATASET'S CONTENTS, STRUCTURE, AND POTENTIAL APPLICATIONS, WHICH ENHANCES ITS OVERALL QUALITY.",1
33,j46y-iqiq,33,A,"('A', ""DESCRIPTION A IS MORE COMPREHENSIVE, PROVIDING DETAILED INFORMATION ABOUT THE DATASET'S VARIABLES, STRUCTURE, AND POTENTIAL APPLICATIONS, MAKING IT MORE USEFUL FOR RESEARCHERS AND POLICYMAKERS."")",A,"DESCRIPTION A IS MORE COMPREHENSIVE, PROVIDING DETAILED INFORMATION ABOUT THE DATASET'S VARIABLES, STRUCTURE, AND POTENTIAL APPLICATIONS, MAKING IT MORE USEFUL FOR RESEARCHERS AND POLICYMAKERS.",1
34,feuq-due4,34,A,"('A', 'DESCRIPTION A IS BETTER BECAUSE IT PROVIDES A MORE COMPREHENSIVE OVERVIEW OF THE DATASET, INCLUDING SPECIFIC DETAILS ABOUT THE NUMBER OF ENTRIES, UNIQUE IDENTIFIERS, AND POTENTIAL APPLICATIONS, WHILE MAINTAINING CLARITY AND READABILITY.')",A,"DESCRIPTION A IS BETTER BECAUSE IT PROVIDES A MORE COMPREHENSIVE OVERVIEW OF THE DATASET, INCLUDING SPECIFIC DETAILS ABOUT THE NUMBER OF ENTRIES, UNIQUE IDENTIFIERS, AND POTENTIAL APPLICATIONS, WHILE MAINTAINING CLARITY AND READABILITY.",1
35,exsg-kpya,35,B,"('B', 'DESCRIPTION B IS BETTER BECAUSE IT PROVIDES MORE SPECIFIC DETAILS ABOUT THE DATASET, INCLUDING THE NUMBER OF ENTRIES AND A CLEAR OUTLINE OF COLUMN CONSTRAINTS, ENHANCING COMPLETENESS AND CLARITY.')",B,"DESCRIPTION B IS BETTER BECAUSE IT PROVIDES MORE SPECIFIC DETAILS ABOUT THE DATASET, INCLUDING THE NUMBER OF ENTRIES AND A CLEAR OUTLINE OF COLUMN CONSTRAINTS, ENHANCING COMPLETENESS AND CLARITY.",1
36,p2d7-vcsb,36,B,"('B', 'DESCRIPTION B IS BETTER BECAUSE IT PROVIDES MORE SPECIFIC DETAILS ABOUT THE DATASET, INCLUDING THE NUMBER OF UNIQUE COMPLAINT INQUIRY NUMBERS AND A CLEAR OUTLINE OF COLUMN CONSTRAINTS, ENHANCING COMPLETENESS AND USABILITY.')",B,"DESCRIPTION B IS BETTER BECAUSE IT PROVIDES MORE SPECIFIC DETAILS ABOUT THE DATASET, INCLUDING THE NUMBER OF UNIQUE COMPLAINT INQUIRY NUMBERS AND A CLEAR OUTLINE OF COLUMN CONSTRAINTS, ENHANCING COMPLETENESS AND USABILITY.",1
37,2z24-2htf,37,A,"('A', 'DESCRIPTION A IS BETTER BECAUSE IT PROVIDES A MORE COMPREHENSIVE OVERVIEW OF THE DATASET, INCLUDING DETAILED INFORMATION ON THE TYPES OF INQUIRIES, CATEGORIZATION, AND POTENTIAL APPLICATIONS, WHILE MAINTAINING CLARITY AND READABILITY.')",A,"DESCRIPTION A IS BETTER BECAUSE IT PROVIDES A MORE COMPREHENSIVE OVERVIEW OF THE DATASET, INCLUDING DETAILED INFORMATION ON THE TYPES OF INQUIRIES, CATEGORIZATION, AND POTENTIAL APPLICATIONS, WHILE MAINTAINING CLARITY AND READABILITY.",1
38,azp6-hepu,38,A,"('A', 'DESCRIPTION A IS BETTER BECAUSE IT PROVIDES A MORE COMPREHENSIVE OVERVIEW OF THE DATASET, INCLUDING SPECIFIC METRICS AND THEIR RANGES, WHILE ALSO CLEARLY OUTLINING POTENTIAL APPLICATIONS AND INSIGHTS THAT CAN BE DERIVED FROM THE DATA.')",A,"DESCRIPTION A IS BETTER BECAUSE IT PROVIDES A MORE COMPREHENSIVE OVERVIEW OF THE DATASET, INCLUDING SPECIFIC METRICS AND THEIR RANGES, WHILE ALSO CLEARLY OUTLINING POTENTIAL APPLICATIONS AND INSIGHTS THAT CAN BE DERIVED FROM THE DATA.",1
39,de8q-estm,39,B,"('B', ""DESCRIPTION B IS BETTER BECAUSE IT PROVIDES A MORE DETAILED OVERVIEW OF THE DATASET'S CONTENTS AND POTENTIAL APPLICATIONS WHILE MAINTAINING CLARITY AND CONCISENESS."")",B,DESCRIPTION B IS BETTER BECAUSE IT PROVIDES A MORE DETAILED OVERVIEW OF THE DATASET'S CONTENTS AND POTENTIAL APPLICATIONS WHILE MAINTAINING CLARITY AND CONCISENESS.,1
40,u42f-se8e,40,B,"('B', ""DESCRIPTION B IS BETTER BECAUSE IT PROVIDES MORE DETAILED INFORMATION ABOUT THE DATASET'S STRUCTURE, INCLUDING COLUMN CONSTRAINTS, WHILE MAINTAINING CLARITY AND CONCISENESS."")",B,"DESCRIPTION B IS BETTER BECAUSE IT PROVIDES MORE DETAILED INFORMATION ABOUT THE DATASET'S STRUCTURE, INCLUDING COLUMN CONSTRAINTS, WHILE MAINTAINING CLARITY AND CONCISENESS.",1
41,xt4f-xvjw,41,B,"('B', ""DESCRIPTION B IS BETTER BECAUSE IT PROVIDES A MORE DETAILED BREAKDOWN OF THE DATASET'S STRUCTURE AND SPECIFIC MONETARY VALUES, ENHANCING COMPLETENESS WHILE MAINTAINING CONCISENESS AND READABILITY."")",B,"DESCRIPTION B IS BETTER BECAUSE IT PROVIDES A MORE DETAILED BREAKDOWN OF THE DATASET'S STRUCTURE AND SPECIFIC MONETARY VALUES, ENHANCING COMPLETENESS WHILE MAINTAINING CONCISENESS AND READABILITY.",1
42,8kic-uvpz,42,B,"('B', 'DESCRIPTION B IS BETTER BECAUSE IT PROVIDES A MORE COMPREHENSIVE OVERVIEW OF THE DATASET, INCLUDING SPECIFIC COLUMN CONSTRAINTS AND A CLEARER CONNECTION TO ITS APPLICATIONS IN URBAN PLANNING AND ACCESSIBILITY ADVOCACY.')",B,"DESCRIPTION B IS BETTER BECAUSE IT PROVIDES A MORE COMPREHENSIVE OVERVIEW OF THE DATASET, INCLUDING SPECIFIC COLUMN CONSTRAINTS AND A CLEARER CONNECTION TO ITS APPLICATIONS IN URBAN PLANNING AND ACCESSIBILITY ADVOCACY.",1
43,c292-vzrn,43,A,"('A', 'DESCRIPTION A IS BETTER BECAUSE IT PROVIDES A MORE COMPREHENSIVE OVERVIEW OF THE DATASET, INCLUDING DETAILED INFORMATION ON THE NUMBER OF UNIQUE DATES, SPECIFIC ATTRIBUTES, AND POTENTIAL APPLICATIONS, WHILE MAINTAINING CLARITY AND READABILITY.')",A,"DESCRIPTION A IS BETTER BECAUSE IT PROVIDES A MORE COMPREHENSIVE OVERVIEW OF THE DATASET, INCLUDING DETAILED INFORMATION ON THE NUMBER OF UNIQUE DATES, SPECIFIC ATTRIBUTES, AND POTENTIAL APPLICATIONS, WHILE MAINTAINING CLARITY AND READABILITY.",1
44,wapz-jfhq,44,A,"('A', 'DESCRIPTION A IS BETTER BECAUSE IT PROVIDES A MORE COMPREHENSIVE OVERVIEW OF THE DATASET, INCLUDING DETAILED STATISTICS, A LARGER DATASET SIZE, AND SPECIFIC APPLICATIONS, WHILE MAINTAINING CLARITY AND READABILITY.')",A,"DESCRIPTION A IS BETTER BECAUSE IT PROVIDES A MORE COMPREHENSIVE OVERVIEW OF THE DATASET, INCLUDING DETAILED STATISTICS, A LARGER DATASET SIZE, AND SPECIFIC APPLICATIONS, WHILE MAINTAINING CLARITY AND READABILITY.",1
45,m4ph-grrm,45,A,"('A', 'DESCRIPTION A IS BETTER BECAUSE IT PROVIDES A MORE COMPREHENSIVE OVERVIEW OF THE DATASET, INCLUDING DETAILED INFORMATION ABOUT THE DATA FIELDS, THEIR CONSTRAINTS, AND A BROADER CONTEXT FOR POTENTIAL APPLICATIONS.')",A,"DESCRIPTION A IS BETTER BECAUSE IT PROVIDES A MORE COMPREHENSIVE OVERVIEW OF THE DATASET, INCLUDING DETAILED INFORMATION ABOUT THE DATA FIELDS, THEIR CONSTRAINTS, AND A BROADER CONTEXT FOR POTENTIAL APPLICATIONS.",1
46,7pza-ynkh,46,A,"('A', 'DESCRIPTION A IS BETTER BECAUSE IT PROVIDES A MORE COMPREHENSIVE OVERVIEW OF THE DATASET, INCLUDING SPECIFIC DETAILS ABOUT THE RANGE OF CONTRACT VALUES AND THE DIVERSITY OF SERVICES, WHILE ALSO MAINTAINING GOOD READABILITY.')",A,"DESCRIPTION A IS BETTER BECAUSE IT PROVIDES A MORE COMPREHENSIVE OVERVIEW OF THE DATASET, INCLUDING SPECIFIC DETAILS ABOUT THE RANGE OF CONTRACT VALUES AND THE DIVERSITY OF SERVICES, WHILE ALSO MAINTAINING GOOD READABILITY.",1
47,rqvv-d722,47,B,"('A', 'DESCRIPTION A IS BETTER BECAUSE IT PROVIDES A MORE COMPREHENSIVE OVERVIEW OF THE DATASET, INCLUDING DETAILED EXPLANATIONS OF EACH ATTRIBUTE AND ITS RELEVANCE FOR ANALYSIS, WHILE MAINTAINING CLARITY AND READABILITY.')",A,"DESCRIPTION A IS BETTER BECAUSE IT PROVIDES A MORE COMPREHENSIVE OVERVIEW OF THE DATASET, INCLUDING DETAILED EXPLANATIONS OF EACH ATTRIBUTE AND ITS RELEVANCE FOR ANALYSIS, WHILE MAINTAINING CLARITY AND READABILITY.",0
48,8hgr-brxd,48,A,"('A', ""DESCRIPTION A PROVIDES A MORE DETAILED EXPLANATION OF THE DATASET'S PURPOSE AND THE SIGNIFICANCE OF EACH COLUMN, ENHANCING ITS COMPLETENESS AND READABILITY."")",A,"DESCRIPTION A PROVIDES A MORE DETAILED EXPLANATION OF THE DATASET'S PURPOSE AND THE SIGNIFICANCE OF EACH COLUMN, ENHANCING ITS COMPLETENESS AND READABILITY.",1
49,ga3c-v25a,49,B,"('A', 'DESCRIPTION A PROVIDES A MORE COMPREHENSIVE OVERVIEW OF THE DATASET, INCLUDING SPECIFIC DETAILS ABOUT THE TYPES OF VIOLATIONS AND THE DIVERSITY OF REASONS FOR WITHDRAWAL, MAKING IT MORE INFORMATIVE OVERALL.')",A,"DESCRIPTION A PROVIDES A MORE COMPREHENSIVE OVERVIEW OF THE DATASET, INCLUDING SPECIFIC DETAILS ABOUT THE TYPES OF VIOLATIONS AND THE DIVERSITY OF REASONS FOR WITHDRAWAL, MAKING IT MORE INFORMATIVE OVERALL.",0
50,6w36-zfn5,50,B,"('A', ""DESCRIPTION A IS BETTER BECAUSE IT PROVIDES A MORE DETAILED OVERVIEW OF THE DATASET'S SCOPE AND POTENTIAL APPLICATIONS WHILE MAINTAINING CLARITY AND COHERENCE."")",A,DESCRIPTION A IS BETTER BECAUSE IT PROVIDES A MORE DETAILED OVERVIEW OF THE DATASET'S SCOPE AND POTENTIAL APPLICATIONS WHILE MAINTAINING CLARITY AND COHERENCE.,0
51,7bjc-nmt5,51,A,"('A', 'DESCRIPTION A IS BETTER BECAUSE IT PROVIDES A MORE DETAILED OVERVIEW OF THE DATASET, INCLUDING THE NUMBER OF UNIQUE CONCESSIONAIRES AND A BROADER RANGE OF POTENTIAL APPLICATIONS, WHILE MAINTAINING CLARITY AND COHERENCE.')",A,"DESCRIPTION A IS BETTER BECAUSE IT PROVIDES A MORE DETAILED OVERVIEW OF THE DATASET, INCLUDING THE NUMBER OF UNIQUE CONCESSIONAIRES AND A BROADER RANGE OF POTENTIAL APPLICATIONS, WHILE MAINTAINING CLARITY AND COHERENCE.",1
52,kwss-yksz,52,A,"('A', 'DESCRIPTION A IS BETTER BECAUSE IT PROVIDES A MORE COMPREHENSIVE OVERVIEW OF THE DATASET, INCLUDING SPECIFIC DETAILS ABOUT THE DATA RANGE, TYPES OF BUSINESSES, AND ADDITIONAL FEATURES LIKE SPATIAL DATA, WHILE MAINTAINING CLARITY AND READABILITY.')",A,"DESCRIPTION A IS BETTER BECAUSE IT PROVIDES A MORE COMPREHENSIVE OVERVIEW OF THE DATASET, INCLUDING SPECIFIC DETAILS ABOUT THE DATA RANGE, TYPES OF BUSINESSES, AND ADDITIONAL FEATURES LIKE SPATIAL DATA, WHILE MAINTAINING CLARITY AND READABILITY.",1
53,ayx3-dixq,53,A,"('A', ""DESCRIPTION A IS MORE COMPREHENSIVE, PROVIDING DETAILED INFORMATION ABOUT THE DATASET'S CONTENTS, STRUCTURE, AND POTENTIAL APPLICATIONS, WHILE ALSO INCLUDING A THOROUGH DATA DICTIONARY."")",A,"DESCRIPTION A IS MORE COMPREHENSIVE, PROVIDING DETAILED INFORMATION ABOUT THE DATASET'S CONTENTS, STRUCTURE, AND POTENTIAL APPLICATIONS, WHILE ALSO INCLUDING A THOROUGH DATA DICTIONARY.",1
54,9vpn-rpgs,54,B,"('B', ""DESCRIPTION B IS BETTER BECAUSE IT PROVIDES A MORE COMPREHENSIVE OVERVIEW OF THE DATASET, INCLUDING SPECIFIC DETAILS ABOUT THE DATASET'S CONTEXT, SIZE, AND POTENTIAL APPLICATIONS, WHILE MAINTAINING CLARITY AND CONCISENESS."")",B,"DESCRIPTION B IS BETTER BECAUSE IT PROVIDES A MORE COMPREHENSIVE OVERVIEW OF THE DATASET, INCLUDING SPECIFIC DETAILS ABOUT THE DATASET'S CONTEXT, SIZE, AND POTENTIAL APPLICATIONS, WHILE MAINTAINING CLARITY AND CONCISENESS.",1
55,r9ax-4va4,55,A,"('A', 'DESCRIPTION A IS BETTER BECAUSE IT PROVIDES A MORE COMPREHENSIVE OVERVIEW OF THE DATASET, INCLUDING SPECIFIC DETAILS ABOUT THE NUMBER OF UNIQUE ENTRIES, THE TIME SPAN, AND THE COLUMN CONSTRAINTS, WHICH ENHANCES COMPLETENESS AND CLARITY.')",A,"DESCRIPTION A IS BETTER BECAUSE IT PROVIDES A MORE COMPREHENSIVE OVERVIEW OF THE DATASET, INCLUDING SPECIFIC DETAILS ABOUT THE NUMBER OF UNIQUE ENTRIES, THE TIME SPAN, AND THE COLUMN CONSTRAINTS, WHICH ENHANCES COMPLETENESS AND CLARITY.",1
56,wyj6-frpa,56,A,"('A', 'DESCRIPTION A IS BETTER BECAUSE IT PROVIDES A MORE COMPREHENSIVE OVERVIEW OF THE DATASET, INCLUDING DETAILED INFORMATION ON THE TYPES OF CHARGES, THE TIME SPAN, AND THE POTENTIAL APPLICATIONS, WHILE ALSO MAINTAINING GOOD READABILITY.')",A,"DESCRIPTION A IS BETTER BECAUSE IT PROVIDES A MORE COMPREHENSIVE OVERVIEW OF THE DATASET, INCLUDING DETAILED INFORMATION ON THE TYPES OF CHARGES, THE TIME SPAN, AND THE POTENTIAL APPLICATIONS, WHILE ALSO MAINTAINING GOOD READABILITY.",1
57,kun8-kdsr,57,B,"('B', 'DESCRIPTION B IS BETTER BECAUSE IT PROVIDES MORE SPECIFIC DETAILS ABOUT THE DATASET, SUCH AS THE RANGE OF PATHWAY LENGTHS AND THE NATURE OF THE DEMOGRAPHIC DATA, WHILE MAINTAINING CLARITY AND CONCISENESS.')",B,"DESCRIPTION B IS BETTER BECAUSE IT PROVIDES MORE SPECIFIC DETAILS ABOUT THE DATASET, SUCH AS THE RANGE OF PATHWAY LENGTHS AND THE NATURE OF THE DEMOGRAPHIC DATA, WHILE MAINTAINING CLARITY AND CONCISENESS.",1
58,vnz6-h2k4,58,B,"('B', ""DESCRIPTION B IS BETTER BECAUSE IT PROVIDES MORE DETAILED INFORMATION ABOUT THE DATASET'S SOURCE, STRUCTURE, AND SPECIFIC ATTRIBUTES, ENHANCING COMPLETENESS WHILE MAINTAINING CLARITY AND READABILITY."")",B,"DESCRIPTION B IS BETTER BECAUSE IT PROVIDES MORE DETAILED INFORMATION ABOUT THE DATASET'S SOURCE, STRUCTURE, AND SPECIFIC ATTRIBUTES, ENHANCING COMPLETENESS WHILE MAINTAINING CLARITY AND READABILITY.",1
59,hzd8-k2vv,59,A,"('A', ""DESCRIPTION A IS MORE COMPREHENSIVE AND DETAILED, PROVIDING EXTENSIVE INFORMATION ABOUT THE DATASET'S METRICS AND POTENTIAL APPLICATIONS, WHICH ENHANCES ITS OVERALL QUALITY."")",A,"DESCRIPTION A IS MORE COMPREHENSIVE AND DETAILED, PROVIDING EXTENSIVE INFORMATION ABOUT THE DATASET'S METRICS AND POTENTIAL APPLICATIONS, WHICH ENHANCES ITS OVERALL QUALITY.",1
60,855v-w7mc,60,B,"('A', 'DESCRIPTION A PROVIDES A MORE COMPREHENSIVE OVERVIEW OF THE DATASET, INCLUDING SPECIFIC DETAILS ABOUT THE NUMBER OF UNIQUE APPLICANTS AND ADDRESSES, AS WELL AS A CLEARER EXPLANATION OF ITS POTENTIAL APPLICATIONS.')",A,"DESCRIPTION A PROVIDES A MORE COMPREHENSIVE OVERVIEW OF THE DATASET, INCLUDING SPECIFIC DETAILS ABOUT THE NUMBER OF UNIQUE APPLICANTS AND ADDRESSES, AS WELL AS A CLEARER EXPLANATION OF ITS POTENTIAL APPLICATIONS.",0
